Tweets,TB_Polarity,TB_Subjectivity,TB_Sentiment,NLTK_Sentiment,Final_Sentiment
learning ba businessanalytics from henry harvin education at with,0,0,Neutral,Neutral,Neutral
learning business analytics businessanalytics from henry harbin education by dhiraj upadhyaya at with,0,0,Neutral,Neutral,Neutral
offering certified data scientist course with summerinternship opportunity no prerequisites apply now receive the discounts by registering here become 'certified data scientist',0,0,Neutral,Neutral,Neutral
learning business analytics businessanalytics using at from along with,0,0,Neutral,Neutral,Neutral
learning marketing analytics marketinganalytics from henry harvin education by dhiraj upadhyaya at from sep,0,0,Neutral,Neutral,Neutral
learning business analytics businessanalytics from henry harvin with,0,0,Neutral,Neutral,Neutral
akshat speaks what should high school students do in the summer go check out my first blog be sure to leave like and comment down below cheers firstblog henryharvin boringsummer,0.188611111,0.512777778,Positive,Positive,Positive
last day of the analytics class so many key take aways from the session thank you for helping us get into the details of analytics domain spmpdpu analytics henryharvin,0.166666667,0.522222222,Positive,Positive,Positive
top facts about python for data science data datascience dataanalytics dataanalyticsireland python programming analytics businessanalytics via,0.5,0.5,Positive,Positive,Positive
had great session on businessanalytics with,0.8,0.75,Positive,Positive,Positive
finally done with the day intense marketinganalysis program from with sir he has motivated us to think like real managers do,0.133333333,0.766666667,Positive,Positive,Positive
learning ba businessanalytics from henry harvin education at with,0,0,Neutral,Neutral,Neutral
guys this post and share i'd recommend everyone very nice and wise way explained good thanks,0.595,0.675,Positive,Positive,Positive
ravivisvesvarayasharadaprasad artificial intelligence semantic segmentation artificial intelligence tutorial henryharvin henry harvin education,-0.6,1,Negative,Positive,Neutral
henryharvin businesanalytics internship,0,0,Neutral,Neutral,Neutral
learning business analytics with and,0,0,Neutral,Neutral,Neutral
presents free webinar on making career in contentwriting when march th wednesday pm ist where zoom tap on the link to register webinar writingcommunity career writing fuziaworld writer form link,0.4,0.8,Positive,Positive,Positive
awesome,1,1,Positive,Positive,Positive
jobsforher startrestartrise womenprofessionals henryharvin newcourses newskills contentwriting digitalmarketing technicalwriting mayscholarships scholarships onlinecourses,0,0,Neutral,Neutral,Neutral
statementofpurpose sopwriting sopwriters,0,0,Neutral,Neutral,Neutral
learning financial analytics financialanalytics from henry harvin education by dhiraj upadhyaya at from sep',0,0,Neutral,Neutral,Neutral
top digital marketing challenges in via digitalmarketing strategies,0.25,0.25,Positive,Positive,Positive
nice to see henryharvin on twitter welcome,0.7,0.95,Positive,Positive,Positive
learning business analytics from by at pdpu with dmc,0,0,Neutral,Neutral,Neutral
guys this post and share i'd recommend everyone very nice and wise way explained good thanks here is the url check,0.595,0.675,Positive,Positive,Positive
exploring new learning internship,0.136363636,0.454545455,Positive,Neutral,Neutral
we feel you who wouldn't want to win courses worth rs four book collection an annual subscription to eshe amp an eshe notebook plus runners up get published in eshe jury chitra gopalakrishnan amp are at it one day to go,0.55,0.25,Positive,Positive,Positive
learning business analytics businessanalytics from henry harvin education by dhiraj upadhyaya at,0,0,Neutral,Neutral,Neutral
request you to stop sending text messages for six sigma certification have already completed the course,0,0,Neutral,Neutral,Neutral
really not all satisfied with the course thing so many issues with the worst process you have no email confirmation after paying the fee no feedback email after the st class instead of microsoft white board instructor is using excel sheet to explain,-0.02,0.54,Negative,Neutral,Negative
top summer schools in europe henryharvineducation henryharvin ampmfeeds ficciskills giveindia freecodecamp universityofoxford universityofcamidge tilburguniversity eu business school londonschoolofbusiness,0.5,0.5,Positive,Positive,Positive
learning cbap marketinganalytics,0,0,Neutral,Neutral,Neutral
nice,0.6,1,Positive,Positive,Positive
cmap certificationcourse henryharvin amazingeperience,0,0,Neutral,Neutral,Neutral
learning sentiment analysis in twitter let's go test tweet marketinganalytics,0,0,Neutral,Neutral,Neutral
scores of fiction writers competed for the top prize on eshe's flash fiction contest who finally won courses worth rs from book collection an annual subscription to eshe and more find out here,0.325,0.525,Positive,Positive,Positive
am interested in enrolling in the six sigma bb program offered by your institute however am unable to access your website how can contact you for more details about this course,0.083333333,0.5,Positive,Negative,Negative
well done,0,0,Neutral,Positive,Positive
can you stop sending spam messages every second day don need to do content writing certification hello can you introduce spam keywords identifier on it will be great savior,0.4,0.375,Positive,Positive,Positive
got my first technical blog posted online do go through it and share your feedbacks on the same thank you for supporting and mentoring me am loving it,0.22,0.351666667,Positive,Positive,Positive
just watched this and it's super useful and inspiring gonna get to work now,0.377777778,0.555555556,Positive,Positive,Positive
we are all predicting that by dec things will become normal says kounal gupta founder amp ceo at bw education 'virtual leadership summit ' teb,0.15,0.65,Positive,Neutral,Neutral
already at naive bayes module,-0.3,1,Negative,Negative,Positive
learning businessanalytics using at from along with,0,0,Neutral,Neutral,Neutral
gear up people only days to go to variegating ands retaillab simsr henryharvineducation gyanangels,0,1,Neutral,Neutral,Neutral
learninganalytics businessanalytics from thing is awesome,1,1,Positive,Positive,Positive
learning data analytics from henry harvey education with,0,0,Neutral,Neutral,Neutral
in the first session of the webinar kounal gupta founder amp ceo of discussed job opportunities in content writing watch the video here jobseekers jobs contentwriting,0.25,0.333333333,Positive,Neutral,Neutral
in the neweducationpolicy will play pivotal role in making india skilled and ensure reaching of quality education to the remotest corners of india nep,0.5,0.65,Positive,Positive,Positive
ravivisvesvarayasharadaprasad regionbased convolutional neural networks artificial intelligence tutorial for beginners henryharvin henry harvin education,-0.6,1,Negative,Positive,Neutral
thank you for this wonderful opportunity am really happy to have won it it would be really great to know the judge's review of the story,0.866666667,0.916666667,Positive,Positive,Positive
proud to be partnered with organizations like,0.8,1,Positive,Positive,Positive
henry harvin education the leading competency development organization has provided training and certification course on lean six sigma green belt to the students of iimv iimvisakhapatnam leansixsigma thesunriseiim,-0.2,0.3,Negative,Positive,Neutral
internship datascience analytics python newoppurtunities henryharvin noida,0,0,Neutral,Neutral,Neutral
hey,0,0,Neutral,Neutral,Neutral
learning marketing analytics marketinanalytics from henry harvin education at with,0,0,Neutral,Neutral,Neutral
it was great learning experience sir looking forward for more such workshops,0.433333333,0.583333333,Positive,Positive,Positive
thanks for the suggestion,0.2,0.2,Positive,Neutral,Neutral
followed writerslift,0,0,Neutral,Neutral,Neutral
how can you provide certificate to all with noticing mistake in it blunder and stupidity at its best,0.2,0.65,Positive,Negative,Negative
python learning summerinternship henryharvin,0,0,Neutral,Neutral,Neutral
learning business analytics businessanalytics from henry harvin education henryharvin in by dhiraj upadhyay,0,0,Neutral,Neutral,Neutral
learning business analytics businessanalytics from henry harvin education at with listening childhood stories of,0,0,Neutral,Neutral,Neutral
shi keeplearning,0,0,Neutral,Neutral,Neutral
great place to learn internship python data science,0.8,0.75,Positive,Positive,Positive
top mini mba skills for teenagers mbaskil leadership communications teammanagement problemsolving juniormba,0.5,0.5,Positive,Positive,Positive
thanks for this award contentwriter digitalmarketing wordpressdesigner henryharvin,0.2,0.2,Positive,Positive,Positive
insightful and ain storming sessions indeed unipune cbap businessanlytics,0,0,Neutral,Positive,Positive
learning business analytics businessanalytics using at from,0,0,Neutral,Neutral,Neutral
learning ba businessanalytics from henry harvin education at with,0,0,Neutral,Neutral,Neutral
my first sentimental analysis with python,0,0.666666667,Neutral,Neutral,Neutral
learning marketing analytics marketinganalytics from henry harvin education by dhiraj upadhyaya at from sep,0,0,Neutral,Neutral,Neutral
going live from certified financial analytics practitioner cfap course,0.068181818,0.25,Positive,Neutral,Neutral
learning business analytics businessanalytics using at from along with,0,0,Neutral,Neutral,Neutral
in the first session of the webinar kounal gupta founder amp ceo of discussed jobs opportunities in contentwriting watch the video here learning,0.25,0.333333333,Positive,Neutral,Neutral
learning business analytics businessanalytics using from,0,0,Neutral,Neutral,Neutral
definitely great one sir looking forward for more such engagements,0.433333333,0.583333333,Positive,Positive,Positive
learning business analytics businessanalytics from henry harvin with,0,0,Neutral,Neutral,Neutral
c'mon man do generalised tweet already owsing through wikipedia about henry harvin didn't get much luck,0.2,0.2,Positive,Positive,Positive
ravivisvesvarayasharadaprasad artificial intelligence transfer learning artificial intelligence tutorial for beginners henryharvin henry harvin education,-0.6,1,Negative,Positive,Neutral
learning hr analytics from henry harvin education with,0,0,Neutral,Neutral,Neutral
learning business analytics using businessanalytics,0,0,Neutral,Neutral,Neutral
learning business analytics with by at pdpu,0,0,Neutral,Neutral,Neutral
learning business analytics from henry harvin education with,0,0,Neutral,Neutral,Neutral
learning marketing analytics marketinganalytics from henry harvin education by dhiraj upadhyaya at with,0,0,Neutral,Neutral,Neutral
ravivisvesvarayasharadaprasad regionbased convolutional neural networks artificial intelligence tutorial for beginners henryharvin henry harvin education,-0.6,1,Negative,Positive,Neutral
learning business analytics using at from along with,0,0,Neutral,Neutral,Neutral
learning financial analytics financialanalytics from henry harvin education by dhiraj upadhaya at from th september,0,0,Neutral,Neutral,Neutral
learning business analytics businessanalytics from henry harvin education by dhiraj upadhyaya at from sep,0,0,Neutral,Neutral,Neutral
demo course for content writing was so informative and insightful loved it,0.7,0.8,Positive,Positive,Positive
learning business analytics from henry harvin education with,0,0,Neutral,Neutral,Neutral
learning business analytics businessanalytics from henry harvin with and,0,0,Neutral,Neutral,Neutral
learning business analytics from by pdpu,0,0,Neutral,Neutral,Neutral
learning marketing analytics marketinganalytics from henry harvin education by dhiraj upadhyaya at with,0,0,Neutral,Neutral,Neutral
learning business analytics businessanalytics from harvin education by dhiraj upadhyaya at from october,0,0,Neutral,Neutral,Neutral
learning marketing analytics marketinganalytics from henry harvin education by dhiraj upadhyaya at from sep,0,0,Neutral,Neutral,Neutral
learning marketing analytics marketinganalytics from henry harvin education by dhiraj upadhyaya at from sep,0,0,Neutral,Neutral,Neutral
