Content,TB_Polarity,TB_Subjectivity,TB_Sentiment,NLTK_Sentiment,Final_Sentiment
the henry harvin content writing course is highly beneficial it covers all to for an individual to excel in the profession was told by friend of mine that henry harvin is worthwhile course it cover extensively content marketing search engine optimization content management and other aspects of content writing and creation the industry level experts are of great help they provide assistance to the learners internship opportunities are also provided the course can be taken both online and offline making is useful for office goers and on the go learners the certification given by henry harvin is valuable and honoured by most it firms and institutions around the country please check henry harvin content writing course reviews,0.266875,0.424791667,Positive,Positive,Positive
yes no doubt henry harvin is one of the best institute for content writing course have completed content writing course from henry harvin they have planned course and knowledgeable trainers who acquire necessary skills this course is very informative and useful one who want to learn so many new techniques of writing they must join this course it will enhance quality of your writing henry harvin content writing course reviews,0.356060606,0.425757576,Positive,Positive,Positive
i would recommend this course to others as this course not only helps freshers but also people changing profession in the later years henry harvin content writing course provides you the required in adequate skill sets and support system to do this this course has helped me achieve my goal of empowering skills to explore new horizons full of professional opportunities and am happy that joined this course today am working as freelancer as digital content writer,0.214962121,0.429734848,Positive,Positive,Positive
i am currently pursuing content writing course at henry harvin education i'm an amateur at content writing when the course work began our mentors were clear with what and how the course worked and her assumptions from us they have great information and ensure every one of our questions is replied to they challenge us and ing the best out of every one of us the training period is phenomenal as far as the course module classes and study materials learning becomes exciting with illiant mentors i'm feeling very confident now that will take the exercises learned and move step ahead being good content writer thank you henry harvin for putting up such great content writing course,0.391666667,0.602777778,Positive,Positive,Positive
hello friends am akash chaudhary here am to share my viewpoint on my content writing training recently joined henry harvin content writing course discovering the course is beautiful canny and supportive to create and sharpen my writing abilities the course module is very well structured and covers all critical concepts this course also expands my curiosity to do research and to study more about different writing skills that are available the training period is phenomenal as far as the course module classes and study materials the trainers are well knowledgeable and experienced no issues up until now happy joined,0.3875,0.6875,Positive,Positive,Positive
after diwali got the chance to learn various styles of content writing with henry harvin education it was an extraordinary learning experience with professional trainers they have advanced knowledge and skills in content writing course joined the online class mode after watching the recorded meetings of one faculty which will be gainful on the grounds that we become more acquainted with the course and have hands on experience thus am happy to make the correct choice to join henry harvin now am confident about latest writing styles that help in my blogging would prescribe this course to everyone who needs to seek after profession in content writing,0.403703704,0.67037037,Positive,Positive,Positive
this is my first review about henry harvin content writing course training my review would be good for newbies writers who wants to join henry harvin i'm student of henry harvin content writing course love the modules of this course they are all well organized and easy to understand for novice like me my trainers are amazing and always ready to help students love the way they understand our concern thanks to henry harvin for giving me very informative and real time project oriented information hope my review will help you to take the right step towards your success,0.351465201,0.446336996,Positive,Positive,Positive
this is one of the best content writting course review,1,0.3,Positive,Positive,Positive
henry harvin content writting course review,0,0,Neutral,Neutral,Neutral
thanks henry harvin the material module is excellent and very pertinent for me as newcomer the experience is simply remarkable the practice is excellent concerning course module design and research materials excellent balance between theory and practicals would suggest this course for every single man who love content writing,0.572321429,0.633035714,Positive,Positive,Positive
henry harvin's content writing course is taught by seasoned individuals with industry experience they provide it's students with live projects there is also an option of accessing real life problems with the help of the industry experts after opted for henry harvin had the opportunity of understanding how the real world actually functions the presence of several learning materials on their online presence is what makes things even better the material can be accessed all year round and the students can ask for help through live doubt clearing sessions right after had completed the coursework provided on henry harvin's online platform was given access to several internships scored an internship with henry harvin themselves which made my learning experience far more enriched one,0.162187812,0.375824176,Positive,Positive,Positive
i want to give very good review to henry harvin education because when started my course got to learn lot and was very impressed with henry harvin's trainers,0.955,0.89,Positive,Positive,Positive
last year completed my content writing course from henry harvin education the management of henry harvin education provided me very good trainer and got to learn lot from there see lot of reviews by henry harvin and all the reviews were very good reviews also want to give henry harvin very good review thanks henry harvin for learning so much for me,0.521666667,0.467777778,Positive,Positive,Positive
i did lot of research and see many reviews about henry harvin education henry harvin education has received lot of good reviews and would like to give very good review to them as well henry harvin education is career growth organization that provides many courses and certification seeing the reviews of people did my course from henry harvin and am very happy to do the course here,0.722,0.676,Positive,Positive,Positive
i am currently doing my content writing course at henry harvin started the content writing course at henry harvin only after explored other alternatives every search on the internet always threw this institute at me so called them and got connected to mr sunny the relationship manager he did fantastic job of explaining the course and its benefits even got recommendations from non content writers to join henry harvin fortunately got the most coveted trainer vandana saxena her knowledge training skills and delivery are impeccable she clarifies every doubt without fail her vast experience and talent as writer and trainer not only makes the class enjoyable but is well worth every penny spent henry harvin carries reputation and lives up to it this curriculum is appropriate and aptly developed the instructors focus on refining writing skills by giving assignments one can repeat the classes multiple times and attend different batches with different trainers they provide guaranteed internships to sharpen one's writing skills recommend henry harvin content writing course to everyone who wants to be better writer for more please check henry harvin content writing course reviews,0.186904762,0.51547619,Positive,Positive,Positive
dear all while many have written good things about this institute did not have good experience with it joined henryharvin for fico course in feb and despite paying full course fee upfront still dont have server access to practice sap is not ty academic learning but an practical experiential traning and without server practice anything you learn is waste because bookish learning does not work here henry's sales team is hyperactive boasting that its the best in the market but it is light years from reality at least would never suggest this institute again to anyone with this experience,0.35,0.405555556,Positive,Positive,Positive
i have joined digital marketing in henry harvin based on my friends reference trainer and the lab facility is excellent even though am fresher the faculty is making me understood all the concepts very indepth very good institute the management is very friendly and always motivate us to practice more in the lab worked on real time sample project from my digital marketing faculty,0.4121875,0.44125,Positive,Positive,Positive
i have attended business analytics course and so far have been very satisfied the best part of the business analytics training is that this is mostly hands on henry harvin also provides plenty of projects scenarios proof of concepts that are as close to real time as they can be best business analytics training online institute,0.575,0.566666667,Positive,Positive,Positive
i have completed my medical writing course and get certification from the henry harvin would like to recommend henry harvin to anyone who wants to be master in medical writing course explanations are clean clear easy to understand and every question receives the right answer during the training thanks to henry harvin team for all the help and support,0.198214286,0.344047619,Positive,Positive,Positive
i did the online digital marketing course and was very impressed with the course content and faculty feedback the faculties were experienced knowledgeable and passionate about what they were delivering communication with henry harvin digital marketing and with the weekly faculties was very quick and helpful feedback on the assignments was useful and helped me know what needed to work on or study more would not hesitate to book another online course with henry harvin,0.372916667,0.4875,Positive,Positive,Positive
i joined design thinking course at henry harvin the experience with henry harvin training content and trainer was good my trainer took care of all the basics and what is more amazing is his way of delivering my design thinking trainer makes sure that everyone gets their concepts clear before leaving the class highly recommended,0.426666667,0.63537037,Positive,Positive,Positive
i'm having unpleasant experience at henry harvin all they care about is money after fee payment nobody listens to your grievances no reply to mails or on whatsapp highly unprofessional and money minded extremely disappointed,-0.413333333,0.746666667,Negative,Negative,Negative
taken design thinking online certification training good and affordable training in delhi more over design thinking trainer is real time professional hence he provides the right knowledge and assistance his commitment towards training are awesome thanks to henry harvin team,0.426530612,0.462244898,Positive,Positive,Positive
hi my batch was th sep henry harvin is well known institute so was bit worried about completion of my course what was looking for is under one roof my relationship manager chandrika explained me very well then to was worried about my trainer and batch mates but on first day of my course got surprised of having fabulous trainer vandana ma'am till last day of the course didn't get exactly what she is trainer friend batch mate adviser famous witer she plays with us very well through out the course good teacher knew every child is special firstly she took out our knowledge and then she show where we were right and where wrong am vernacular medium student then to find everyone friendly strongly recommend henry harvin institute to my friends for their service relationship manager trainer lms convenient timings and most importantly value our time how much they cover in month it almost take year or more time in college to get certified thank you,0.284273183,0.553884712,Positive,Positive,Positive
reskillbeing person from the field of communications and marketing discovered that only knew about digital content writing in bits and pieces till enrolled for the course there is systematic process of ushing up on basics and learning the tips and tricks applying learningsknowledge never goes waste as long as you apply it in real life and one learn about this hands on in this programme applicationhighly recommended for those who want to adapt to writing and communication in digital times,-0.008333333,0.283333333,Negative,Neutral,Negative
henry harvin offers an amazing week tefl course the course in hands on with you teaching basically right off the bat very experienced and friendly teachers helped us through this intense course but the knowledge gained was worth it one month out and already found full time teaching job henry harvin the best institute for tefl course,0.467857143,0.542857143,Positive,Positive,Positive
i couldn't speak more highly of my experience with henry harvin tefl have been an esl teacher for over five years and came to this course just hoping to get certificate and expand my job opportunities didn't expect that would be leaving with so much more than that am so appreciative of the expert help support and feedback provided by the incredible teachers in this program,0.532,0.668,Positive,Positive,Positive
henry harvin provides the best esl certification course tefl with reasonable price you are our problem solver helping the job applicants as well as employees even in this current pandemic by turning the problems into opportunities,0.4,0.433333333,Positive,Positive,Positive
grateful for henry harvin as get to experience completely new way of unique tefl certification course with such an affordable price beyond thankful for providing me the best support,0.377840909,0.563636364,Positive,Positive,Positive
best choice ever made was when took the hours tefl certification course from henry harvin everything was smooth and perfect,0.8,0.6,Positive,Positive,Positive
it is great place to learn the course provides quite an in depth overview into the various aspects of content writing trainer was ready to clarify each and every doubt that we had great support provided throughout thank you henry harvin,0.45,0.625,Positive,Positive,Positive
it was really good and wonderful experience the course was very good and well organised the coaching here is planned in such way that it avoids time wastage am very much thankful to henry harvin academy,0.574,0.628,Positive,Positive,Positive
a big thanks to henry harvin for this opportunity came to know more about tefl certification course and it helps me lot to look forward to my future,0.175,0.23125,Positive,Neutral,Neutral
i am so grateful was hired this culture is so positive caring as soon as covid was getting serious henryharvin was one of the first companies to implement mandatory work from home policy,0.047979798,0.515151515,Positive,Positive,Positive
i am working again amidst this pandemic thanks to henry harvin's pocket friendly tefl course and employee grooming programs,0.2875,0.35,Positive,Positive,Positive
i went into this program just for the certificate in order to teach in spain and ended up learning new teaching techniques new lesson plans and new approaches to teaching grammer overall this program is excellent,0.281818182,0.472727273,Positive,Positive,Positive
henry harvin tefl course is just what needed to upgrade myself to be teacher aoad learn many new skills and enjoyed lot trainers are thorough professionals here,0.378787879,0.551515152,Positive,Positive,Positive
great place to learn did tefl certification from henry harvin quick video great training material lots of interview calls would like to appreciate henry harvin team thanks lot,0.533333333,0.55,Positive,Positive,Positive
henry harvin is one of the best tefl provider have come across the content materials is excellent and quality of the trainers are very professional and available at anytime of your needs though there is fees for the course but it is very affordable compare to other tefl provider big thanks to henry harvin am enjoying now teaching foreign children's go for henry harvin,0.318,0.353,Positive,Positive,Positive
henry harvin is the reason that can continue my work even during the covid pandemic thank you,0,0,Neutral,Positive,Positive
i did six sigma course from henry harvin excellent faculty very responsive project support complete dmaic phase in easy way would recommend it go for it,0.433333333,0.633333333,Positive,Positive,Positive
thank you henry harvin for the great course the certificate has more than met my expectations,0.65,0.625,Positive,Positive,Positive
any positive reviews you read are fake about henry harvin this is big scam have no idea if they really teach anything or not their website looks real but doubt it is real educational institution received blind email which read hey bevilacqua are you interested in applying for hour english teaching job online companies like vip kids qkids dada abc are hiring + esl teachers each month due to recent surge in demand in asian countries to analyze your profile and suggest suitable requirements to help you get this job book free esl on call consultation click here regards michael smith esl job consultant domdomjobs com first of all how did they get my email they do not have my resume or know anything about me second just to see what would happen clicked on the link and scheduled an interview then scheduled zoom video interview wit someone named linda then received this email hi joseph bevilacqua your career consultation tefl certification with henry harvin at pm central time us canada on monday september is scheduled am linda an esl career consultant want to get hr work from home esl teaching job by doing american association approved tefl certification course how you benefit interview guaranteed immediately after enrollment prepare you to grab month job qualify for + jobs from +countries what you get get immediate access to hrs tefl course exclusive lms access outstanding academicians best pedagogical practices book your appointment for minutes consultation to understand how it can help you to become tefl trainer regards linda johnes + at tonight monday labor day ct signed into the zoom interview and no one connected called the phone number listed in the email and woman who barely spoke english herself said she was having computer trouble and asked if we could do the interview by phone which agreed to do it was not an interview at all this linda was reading from script and telling me basically the same thing that was in the previous two emails asked her how they got my email address and she said she was working from home and could not answer that and would refer my question to the complaint department asked her why she was interested in having me teach if she knew nothing about me and did not have my resume she then repeated read the same information from her script over again asked her if this was scam and would it cost me money she replied that it was not scam and would cost me no money asked her why she was not asking for my qualifications she replied that she would do that next instead she read the same script over again from the beginning forced my qualifications on her and then she ignored what said and read the same script from the beginning for the fourth time as if she did not even understand what was saying interrupted her and asked her what needed to do to get started log in to the website schedule students and get paid she ignored that and said that need high school degree or ba told her that had ba in english and had taught esl for many years she then said that the esl companies hey work with require special certification told her had no such special certification she then finally admitted that must have that and that henry harvin could provide that but it would cost money at that point simply said knew this was scam to get money out of me this 'interview is over and hung up immediately designated their email address and phone number as spam do not get involved with this they are in india not san francisco and even though they have san francisco phone number and address is it most likely fake,0.080338449,0.364252755,Positive,Negative,Negative
'great place to learn content writing thoroughly' undoubtedly its the henry harwin institute of content writing let me take moment to pen down and appreciate the trainer instructor is exceptionally well in subject and knowledge she is well versed in the topics which she trains on and spontaneously answers all the questions and doubts wish to complete my certification programme with great help from henry harwin institute afshan,0.377777778,0.631746032,Positive,Positive,Positive
i have enrolled for certified digital content writer and the course modules learnings and facilitator were awesome ms vandana saxena is spectacular facilitator and her command on teaching was amazing thank you henry harvin for designing such wonderful course and it will be definitely beneficial in my professional career,0.4125,0.6125,Positive,Positive,Positive
it was different experience many skills that was not aware of were taught wish the course was bit longer it was inspiring,0.21875,0.5875,Positive,Positive,Positive
i have done content writing course from henry harvin education and i'd say that it's great centre for learning content writing,0.8,0.75,Positive,Positive,Positive
i have done six sigma course from henry harvin faculty very responsive and was willing to help me in any way they possibly could would recommend it,0.15,0.683333333,Positive,Positive,Positive
the certified gst practisioner course from henry harvin education was quite informative and covering all practical topics had good experience in delhi batch the trainer was very knowledgeable and experienced in gst background very satisfied four days are enough to cover all gst practical to has definitely improve my knowledge,0.391666667,0.633333333,Positive,Positive,Positive
henry harvin is one of the best platform to do corporate courses really liked their way of teaching and the lms provided by them helped me lot in revising my subject,0.358333333,0.358333333,Positive,Positive,Positive
i have done my business analyst course from henry harvin with very experienced trainer to learned lot,1,1,Positive,Neutral,Neutral
i have done data science course with henry harvin it was great with wonderful trainers it was great learning,0.866666667,0.833333333,Positive,Positive,Positive
henry harvin education turn out very good suggestion from my friend best trainer really helpful,0.703333333,0.426666667,Positive,Positive,Positive
a great learning experience with henry harvin education,0.8,0.75,Positive,Positive,Positive
i am right now pursuing content writing course from henry harvin education and i'd say that it's great centre for learning this the trainers are very updated with the latest information on this particular field the methodology used by them easy to grasp even for person who comes from non technical background so if you are looking for course in content writing henry harvin would be great option they are very responsive supportive up to date and very well set agenda of each class and overall the course had dream of becoming content writer and think have chosen the right path for making it come true,0.344761905,0.542539683,Positive,Positive,Positive
i found it very useful now am very much confident that post doing few more practice and research can land myself in the job of my dreams even am willing to start my own blog because now am pretty much skilled to increase the traffic on my website the another good aspect of this course is the that they provide digital liary lms the course content here is well structured and we can even get all the recorded session at one place if anybody looking forward to increase their interpersonal and professional skills then would like to recommend this course to them moreover the cherry on the cake is the hh consultants these people are so cooperative and they are so concerned about their and and they do all the promises they make to their students grom sending jobs to internship opportunities they always stand apart thank you guys may god bless you all,0.326363636,0.489393939,Positive,Positive,Positive
i attended rohit's six sigma green belt program in delhi really loved the way he made us imagine every step and learn,0.25,0.55,Positive,Positive,Positive
i attended the content writing course in delhi and had great experience with their trainer tulika,0.8,0.75,Positive,Positive,Positive
it's crap course don't fall for their fake and false high promises the whole course is time and money wastage wasted my precious time and money they didn't give any internship or placement as they promise,-0.148571429,0.62,Negative,Negative,Negative
if you guys are planning to take the online content writing course please don't they will only be in touch with you while enrollment after the course they will just treat you like nobody specially for online students they will not provide you with you certificate even after month and in between if you loose job opportunity or two it's no big deal feel bad for the trainer who was very good and had put out all her knowledge for the students but the unprofessional attitude of the henry harwin's staff will get on your nerves gradually and also if you know the founder only then can you get job placement from them otherwise they will keep sending you the same mail over and over again the contacts in it never reply wasted my time and money with them you make sure you don't,0.079021978,0.54012149,Positive,Negative,Negative
honest words go for it if want to enhance your knowledge and skills,0.6,0.9,Positive,Positive,Positive
i did this course from aoad the henry harvin course is really good and loved it,0.7,0.7,Positive,Positive,Positive
it was nice learning experience the six sigma course is highly appreciated and recommended for those who need deeper knowledge on various aspects,0.266666667,0.533333333,Positive,Positive,Positive
there is some helpful information here but it is poorly written and full of errors both the questions and the answers had tons of mistakes furthermore when finished the course electronically received mock certificate that didn't have my name on it used the identification number to validate the certificate through tefl org and it was invalid,-0.025,0.575,Negative,Negative,Negative
the course by definition does work but is is marred by numerous typos errors and bad ux on their page on top of this this lessons are skewed by pro western statements as if the guy is trying to push small minded propaganda through his classes you see biblical references yet you get good deal of his opinion on spanking etc the desperate guy should keep to teaching the lesson period when you have syntax typos for lesson on grammar and punctuation you know your time isn't being spent properly ty ignorant and so confident american why take lessons on international affairs from someone who will never truly experience the world because it's always through his forced and skewed western perspective just ugly definitely not recommended,-0.061764706,0.382352941,Negative,Neutral,Negative
poor quality trainers that whats they make you pay first,-0.075,0.466666667,Negative,Negative,Negative
i paid for the course but the teaching pedagogy was so bad that didn't even attend the complete course and asked for refund of course they never paid me back they changed the instructor on the last minute and the environment is not conducive to learning they said you don't need computer to learn analytics just watch the instructor doing it on screen and you will learn it you end up sitting with other students and instructors who are incompetent and feel like you got cheated don't go for it rather go for some nano degree online,-0.179166667,0.3125,Negative,Negative,Negative
i had an online course with henry harvin education and my experiences with it are phenomenon before joining this course was clueless about how to start my writing career though was very passionate about it but now am on the right track this is just because of henry harvin education thank you so much hhe for filling me up with dreams and motivations showing the right path thanks to everyone in the institute who helped me out will always recommend this institute to everyone,0.181285714,0.494285714,Positive,Positive,Positive
hi my name is anil kumar have attended the course of content writing course from henry harvin by neha singhal mam the course of this module was excellent and by attending this came to know all details of how to write an excellent content whether it may be for business content academics content or digital content came to know about google analytics alexa web ranking canva software etc which is of great importance recommend this course to all entrepreneurs and content writers,0.7,0.6875,Positive,Positive,Positive
financial course amazing at henry harvin and is very much recommended,0.286666667,0.386666667,Positive,Positive,Positive
the amazing experience here was worth doing and achieving something,0.45,0.5,Positive,Positive,Positive
the six sigma green belt course is great and faculty there is good and learned with experience,0.433333333,0.55,Positive,Positive,Positive
six sigma green belt course is amazing and worth doing with great learning experience,0.375,0.5125,Positive,Positive,Positive
six sigma green belt certification course is very very good and is very must try,0.303333333,0.46,Positive,Positive,Positive
it was an awesome robotic process automation course delivered by an extraordinary real time trainer yes truly admire it and the knowledge approach and ideas excellent rpa certification course the best online course have attended by far the course was exactly what was hoping for,0.472916667,0.63125,Positive,Positive,Positive
six sigma green belt course was great learning experience for me recommended,0.3,0.525,Positive,Positive,Positive
the finance course and management courses both are just recommended superbly,1,1,Positive,Positive,Positive
six sigma green belt course is amazing and knowledgeable and learning great experience,0.4,0.65,Positive,Positive,Positive
the business analytics course at henry harvin was content blessed and did right doing it,0.285714286,0.535714286,Positive,Positive,Positive
amazing course to learn and had great experience,0.7,0.825,Positive,Positive,Positive
it was an awesome robotic process automation course delivered by an extraordinary real time trainer yes truly admire it and the knowledge approach and ideas excellent rpa certification course the best online course have attended by far the course was exactly what was hoping for,0.472916667,0.63125,Positive,Positive,Positive
six sigma green belt course at henry harvin is just incomparable and is worth doing,0.166666667,0.333333333,Positive,Neutral,Neutral
six sigma green belt course taught deep knowledge regarding basic concepts and faculty is amazing,0.1,0.43125,Positive,Positive,Positive
it's very good and innovative platform for consumers like us,0.705,0.89,Positive,Positive,Positive
six sigma green belt certification course is good recommended,0.25,0.45,Positive,Positive,Positive
it was an awesome robotic process automation course delivered by an extraordinary real time trainer yes truly admire it and the knowledge approach and ideas excellent rpa certification course the best online course have attended by far the course was exactly what was hoping for,0.472916667,0.63125,Positive,Positive,Positive
the management analytics course at henry harvin is must try,0,0,Neutral,Neutral,Neutral
six sigma green belt course taught how to deal with different business situation it is awesome,0.266666667,0.633333333,Positive,Positive,Positive
the six sigma green belt course at henry harvin education should be done by everyone and is really knowledgeable,0,0.25,Neutral,Positive,Positive
the teaching faculty is amazing and concepts are explained with basic understanding and clearly,0.233333333,0.469444444,Positive,Positive,Positive
the six sigma green belt course from here is worth doing lot amazing experience,0.233333333,0.433333333,Positive,Positive,Positive
the courses offered at henry harvin are amazing and of varied knowledge they are blend of various types of concepts,0.3,0.7,Positive,Positive,Positive
management analytics course at henry harvin education is good and must do one,0.7,0.6,Positive,Positive,Positive
the financial analytics course at henry harvin offered learning in its different unique way,0.125,0.533333333,Positive,Neutral,Neutral
the finance based course at henry harvin and six sigma course along with other courses all are very useful,0.1325,0.1875,Positive,Positive,Positive
the management analytics course at henry harvin is really good and the way concepts were explained is good,0.7,0.6,Positive,Positive,Positive
financial analytics course is amazing the way each concept is explained is really nice,0.4,0.633333333,Positive,Positive,Positive
six sigma green belt course offers wide learning experience and the faculty is very experienced,0.2,0.425,Positive,Neutral,Neutral
the six sigma green belt certification and online course was great experience for me and was fun learning,0.3,0.416666667,Positive,Positive,Positive
the six sigma green belt certification course is really good,0.25,0.45,Positive,Positive,Positive
six sigma green belt course did from henry harvin was full of gainable knowledge,0.075,0.425,Positive,Neutral,Neutral
the online courses are very good and the faculty gives time for doubts and the course is knowledgable,0.91,0.78,Positive,Neutral,Neutral
learning is different at henry harvin the way concepts are explained is great and remarkable,0.516666667,0.7,Positive,Positive,Positive
learning was amazing and taught me great efforts studies and was superb,0.8,0.883333333,Positive,Positive,Positive
the financial analytics course superb with good knowledgeable faculty,0.566666667,0.533333333,Positive,Positive,Positive
six sigma green belt course is amazing and the faculty is great,0.4,0.65,Positive,Positive,Positive
six sigma green belt certification course is very good effective and efficient great learning experience,0.5275,0.6575,Positive,Positive,Positive
the six sigma green belt course was amazing and the faculty and doubt team was very helpful,0.2,0.5,Positive,Positive,Positive
henry harvin gives great insight to knowledge and wisdom to various amazing courses,0.466666667,0.716666667,Positive,Positive,Positive
the marketing analytics course at henry harvin with experienced faculty and learned objectives is amazing and knowledgeable,0.7,0.9,Positive,Positive,Positive
marketing analysis course with henry is really amazing,0.6,0.9,Positive,Positive,Positive
best coaching place ever got,1,0.3,Positive,Positive,Positive
business analytics course from henry gives you great insight to management and leadership enhancement,0.8,0.75,Positive,Positive,Positive
henry harvin education has got the best list of courses with wonderful faculty,1,0.65,Positive,Positive,Positive
better you proceed here for your ight future krishna home tutor gives you the best knowledge which makes you professional,0.4,0.25625,Positive,Positive,Positive
lean six sigma course by this organisation is marvelous,1,1,Positive,Positive,Positive
six sigma course is wonderful course highly recommended so do check it out to avail benefits,0.58,0.77,Positive,Positive,Positive
business analytics course from henry gives you great insight to management and leadership enhancement,0.8,0.75,Positive,Positive,Positive
it was an awesome robotic process automation course delivered by an extraordinary real time trainer yes truly admire it and the knowledge approach and ideas excellent rpa certification course the best online course have attended by far the course was exactly what was hoping for,0.472916667,0.63125,Positive,Positive,Positive
lean six sigma course is perfect course highly recommended,0.58,0.77,Positive,Positive,Positive
henry harvin has got the best faculty under one roof,1,0.3,Positive,Positive,Positive
business analytics course with henty was one of my best experience highly recommended,0.58,0.42,Positive,Positive,Positive
marketing analysis course with henry was great step got to learn so much about this highly recommended,0.386666667,0.496666667,Positive,Positive,Positive
henry harvin education has the best variety of courses,1,0.3,Positive,Positive,Positive
business analytics course from henry gives you great insight to management and leadership enhancement,0.8,0.75,Positive,Positive,Positive
henry harvin has got the perfect list courses with them,1,1,Positive,Positive,Positive
it was an awesome robotic process automation course delivered by an extraordinary real time trainer yes truly admire it and the knowledge approach and ideas excellent rpa certification course the best online course have attended by far the course was exactly what was hoping for,0.472916667,0.63125,Positive,Positive,Positive
henry harvin has got the perfect list courses with them,1,1,Positive,Positive,Positive
henry harvin has really wonderful faculty got the best experience out there highly recommendable,0.72,0.613333333,Positive,Positive,Positive
henry harvin has the best faculty education here is really helpful,0.6,0.25,Positive,Positive,Positive
the six sigma green belt course was one such in which basic management details were explained,-0.066666667,0.308333333,Negative,Neutral,Negative
henry harvin has got the best marketing analysis course out there,1,0.3,Positive,Positive,Positive
marketing analysis course is the best course from henry they provide you with the best teaching experience,1,0.3,Positive,Positive,Positive
lean six sigma course is really effective with them got to learn so much from the faculty,0.4,0.5,Positive,Positive,Positive
marketing analysis course is the best course from henry,1,0.3,Positive,Positive,Positive
marketing analysis course is the best educational course from henry best faculty under one roof,0.75,0.283333333,Positive,Positive,Positive
lean six sigma course is really effective with them,0.6,0.8,Positive,Positive,Positive
lean six sigma course is really effective with them,0.6,0.8,Positive,Positive,Positive
henry harvin has one of the best faculty and teaching experience got to evolve so much from it's marketing analysis course,0.6,0.25,Positive,Positive,Positive
business analytics course was fabulous got to learn so much things from the faculty,0.3,0.6,Positive,Positive,Positive
the six sigma green belt course was one such in which basic management details were explained,-0.066666667,0.308333333,Negative,Neutral,Negative
it was an awesome robotic process automation course delivered by an extraordinary real time trainer yes truly admire it and the knowledge approach and ideas excellent rpa certification course the best online course have attended by far the course was exactly what was hoping for,0.472916667,0.63125,Positive,Positive,Positive
business analytics course of harvin is amazing best faculty under one roof,0.8,0.6,Positive,Positive,Positive
marketing analysis course is the best course from henry,1,0.3,Positive,Positive,Positive
henry harvin has the best teaching experience,1,0.3,Positive,Positive,Positive
business analyticsin love with amazing content under business analytics,0.55,0.75,Positive,Positive,Positive
lean sigma course with henry is great course faculty is really amazing,0.7,0.825,Positive,Positive,Positive
henry harvin's business analytics course is amazing best faculty under one roof,0.8,0.6,Positive,Positive,Positive
marketing analysis course is the best educational course from henry,0.625,0.275,Positive,Positive,Positive
henry harvin has the best teaching experience and faculty,1,0.3,Positive,Positive,Positive
henry harvin is an amazing coaching place got to learn so much they have the best faculty under one roof,0.6,0.466666667,Positive,Positive,Positive
henry harvin has one of the best faculty and teaching experience got to evolve so much from it's marketing analysis course,0.6,0.25,Positive,Positive,Positive
i attended program on six sigma black belt training conducted by henry harvin and was very much satisfied by the training and the service provided by the company,0.166666667,0.716666667,Positive,Positive,Positive
business analytics course with them is really wonderful get to learn so well the faculty here is so experienced highly recommendable,0.653333333,0.813333333,Positive,Positive,Positive
marketing analytics course is so amazing it helps you getting real practical knowledge,0.4,0.6,Positive,Positive,Positive
lean six sigma course is really effective with them,0.6,0.8,Positive,Positive,Positive
business analytics course was fabulous got to learn so much things from the faculty,0.3,0.6,Positive,Positive,Positive
marketing analytics course from this organization is just wonderful got to learn so much,0.6,0.6,Positive,Positive,Positive
six sigma green belt course is very helpful it's must done course from henry harvin education,0,0.3,Neutral,Positive,Positive
henry harvin rocks the team is amazing best faculty thumbs up to business analytics,0.8,0.6,Positive,Positive,Positive
average course structure was ok nothing unique or special,0.270535714,0.617857143,Positive,Neutral,Neutral
the six sigma green belt course was one such in which basic management details were explained,-0.066666667,0.308333333,Negative,Neutral,Negative
it was average did the management's analytics course but didnt find it useful it was good but to certain extents,0.266071429,0.392857143,Positive,Positive,Positive
thier attitude chnages once you pay the fees and they dont refund or deliver as promised,0,0,Neutral,Positive,Positive
henry harvin offers courses business analytics and marketing analytics separately enrolled for henry harvin marketing analytics in june however reaching for first class learned that the course was business analytics and not marketing analytics on asking the trainer who was taking classes for the first time and it was evident that he didn't have any teaching experience he told me to talk to henry harvin rep present there the rep told me that there is hardly any difference between the courses and since students were less this is the course we are offering now they said they are not sure when and where proper marketing analytics course will happen my choice is either to wait for future course if it ever happens or take business analytics course left the course on the first day and asked for refund no refund was given got conned for my hard earned money apart from this major each of trust here are some more pointers other students were th pass with no prior experience there were no charging points or wifi in the room when asked for charging point and wi fi the trainer said that laptop is not required for the course we can just watch him do analytics on screen the trainer had zero marketing experience how can one teach marketing analytics without knowing marketing they often change the trainers at the last moment was shown the profile of ph trainer with good experience before the course upon entering the classroom was told that the trainer couldn't get here due to last minute family problem no email communication for the same was provided not sure about their other courses but kindly save yourself frustration and money and don't ever enroll for their marketing analytics or even business analytics course reply to comment my name and email had been shared with akhil thakur nishant sidana and kounal gupta from your org with emails exchanged with them but to no avail trust pilot does not allow to share emails and numbers here but you can search with the name of mandeep sidana am sure lot of people ask for refund and it must be difficult for you to keep track of complaints and yes see lot of fake reviews posted as well posted by your people about how good the course is,0.053017241,0.406034483,Positive,Positive,Positive
worked there as an intern for month pros nice work life balance and awesome people always ready to help cons none doing great job senior management is very easy to approach you can go anytime to discuss new ideas with the management always open to suggestions,0.471385281,0.743506494,Positive,Positive,Positive
i really loved henry harvin's content writing course beautiful professionally delivered awesome value derived,0.6625,0.725,Positive,Positive,Positive
these guys are very unprofessional don't have value for others time the trainer is not bothered to start the class at all the content of bitcoin is very poor simply waste of money so plz don't enroll in their courses,-0.173333333,0.36,Negative,Negative,Negative
i attended program on six sigma black belt training conducted by henry harvin and was very much satisfied by the training and the service provided by the company strongly recommend that if anyone is looking for six sigma black belt training certification one should always go with henry harvin education,0.15,0.65,Positive,Positive,Positive
i attended program on six sigma black belt training conducted by henry harvin and was very much satisfied by the training and the service provided by the company strongly recommend that if anyone is looking for six sigma black belt training certification one should always go with henry harvin education,0.15,0.65,Positive,Positive,Positive
